,thinning input 1,thinning input 2,thinning input 1_minimise_1
0,0,0,0.7442196097151689
1,0,0,0.7293063562175972
2,0,0,0.9886531064953212
3,0,0,0.3089708633078009
4,0,0,0.49337021126408476
